{"cameraMode":{"drawMode":0,"name":"Shaded","section":"Shading Mode"},"sceneLighting":true,"audioPlay":false,"sceneViewState":{"m_AlwaysRefresh":false,"showFog":true,"showSkybox":true,"showFlares":true,"showImageEffects":true,"showParticleSystems":true,"showVisualEffectGraphs":true,"m_FxEnabled":true},"in2DMode":false,"pivot":{"x":2.8062479496002199,"y":0.3353092670440674,"z":0.15718913078308106},"rotation":{"x":-0.17488937079906465,"y":0.7772967219352722,"z":-0.5518712401390076,"w":-0.24632376432418824},"size":7.700260639190674,"orthographic":false}